LEVEL;FILENAME;PATH
level0;MainScene;Assets/Scenes/MainScene.unity
level1;Factory_AI;Assets/Content/Locations/Factory/Factory_AI.unity
level2;Factory;Assets/Content/Locations/Factory/Factory.unity
level3;Factory_Scripts;Assets/Content/Locations/Factory/Factory_Scripts.unity
level4;custom_AI;Assets/Content/Locations/Custom/custom_AI.unity
level5;custom_multiScene;Assets/Content/Locations/Custom/custom_multiScene.unity
level6;custom_AZS;Assets/Content/Locations/Custom/custom_AZS.unity
level7;custom_AZS_old;Assets/Content/Locations/Custom/custom_AZS_old.unity
level8;custom_DesignStuff;Assets/Content/Locations/Custom/custom_DesignStuff.unity
level9;custom_Garage;Assets/Content/Locations/Custom/custom_Garage.unity
level10;custom_Obshezhitie;Assets/Content/Locations/Custom/custom_Obshezhitie.unity
level11;custom_Obshezhitie_1_indoor;Assets/Content/Locations/Custom/custom_Obshezhitie_1_indoor.unity
level12;custom_Obshezhitie_2_indoor;Assets/Content/Locations/Custom/custom_Obshezhitie_2_indoor.unity
level13;custom_Light;Assets/Content/Locations/Custom/custom_Light.unity
level14;custom_Road;Assets/Content/Locations/Custom/custom_Road.unity
level15;custom_Scripts;Assets/Content/Locations/Custom/custom_Scripts.unity
level16;custom_Tamozhnya;Assets/Content/Locations/Custom/custom_Tamozhnya.unity
level17;custom_Terrain;Assets/Content/Locations/Custom/custom_Terrain.unity
level18;custom_TrailerPark;Assets/Content/Locations/Custom/custom_TrailerPark.unity
level19;custom_background;Assets/Content/Locations/Custom/custom_background.unity
level20;custom_city;Assets/Content/Locations/Custom/custom_city.unity
level21;custom_factoryStorageZone;Assets/Content/Locations/Custom/custom_factoryStorageZone.unity
level22;custom_mazuto;Assets/Content/Locations/Custom/custom_mazuto.unity
level23;Shoreline_North;Assets/Content/Locations/shorline/Shoreline_North.unity
level24;shoreline_AI;Assets/Content/Locations/shorline/shoreline_AI.unity
level25;shoreline_Terrain;Assets/Content/Locations/shorline/shoreline_Terrain.unity
level26;shoreline_azs;Assets/Content/Locations/shorline/shoreline_azs.unity
level27;Shoreline_Culling;Assets/Content/Locations/shorline/Shoreline_Culling.unity
level28;Shoreline_East;Assets/Content/Locations/shorline/Shoreline_East.unity
level29;Shoreline_DesignMain;Assets/Content/Locations/shorline/Shoreline_DesignMain.unity
level30;Shoreline_Middle;Assets/Content/Locations/shorline/Shoreline_Middle.unity
level31;shoreline_DesignStuff;Assets/Content/Locations/shorline/shoreline_DesignStuff.unity
level32;shoreline_meteostation;Assets/Content/Locations/shorline/shoreline_meteostation.unity
level33;shoreline_parking_sanatorium;Assets/Content/Locations/shorline/shoreline_parking_sanatorium.unity
level34;Shoreline_South;Assets/Content/Locations/shorline/Shoreline_South.unity
level35;shoreline_pirs02;Assets/Content/Locations/shorline/shoreline_pirs02.unity
level36;shoreline_sanatorium;Assets/Content/Locations/shorline/shoreline_sanatorium.unity
level37;Shoreline_Sanatorium_indoor;Assets/Content/Locations/shorline/Shoreline_Sanatorium_indoor.unity
level38;shoreline_scripts;Assets/Content/Locations/shorline/shoreline_scripts.unity
level39;Shoreline_West;Assets/Content/Locations/shorline/Shoreline_West.unity
level40;shoreline_tunel;Assets/Content/Locations/shorline/shoreline_tunel.unity
level41;Shoreline_Light;Assets/Content/Locations/shorline/Shoreline_Light.unity
level42;woods_AI;Assets/Content/Locations/Woods/woods_AI.unity
level43;woods_combined;Assets/Content/Locations/Woods/woods_combined.unity
level44;CommonUIScene;Assets/Scenes/UI/CommonUIScene.unity
level45;EnvironmentUIScene;Assets/Scenes/UI/EnvironmentUIScene.unity
level46;GameUIScene;Assets/Scenes/UI/GameUIScene.unity
level47;LoginUIScene;Assets/Scenes/UI/LoginUIScene.unity
level48;MenuUIScene;Assets/Scenes/UI/MenuUIScene.unity
level49;PreloaderUIScene;Assets/Scenes/UI/PreloaderUIScene.unity
level50;SessionEndUIScene;Assets/Scenes/UI/SessionEndUIScene.unity
level51;Empty_DONT_DELETE;Assets/Scenes/UI/Empty_DONT_DELETE.unity
level52;Shopping_Mall_DesignStuff;Assets/Content/Locations/Shopping_Mall/Shopping_Mall_DesignStuff.unity
level53;Shopping_Mall_Scripts;Assets/Content/Locations/Shopping_Mall/Shopping_Mall_Scripts.unity
level54;Shopping_Mall_2;Assets/Content/Locations/Shopping_Mall/Shopping_Mall_2.unity
level55;Shopping_Mall_GOSHAN;Assets/Content/Locations/Shopping_Mall/Shopping_Mall_GOSHAN.unity
level56;Shopping_Mall_IDEA;Assets/Content/Locations/Shopping_Mall/Shopping_Mall_IDEA.unity
level57;Shopping_Mall_OLI;Assets/Content/Locations/Shopping_Mall/Shopping_Mall_OLI.unity
level58;Shopping_Mall_Shops;Assets/Content/Locations/Shopping_Mall/Shopping_Mall_Shops.unity
level59;Shopping_Mall_Shops_Floor2;Assets/Content/Locations/Shopping_Mall/Shopping_Mall_Shops_Floor2.unity
level60;Shopping_Mall_indoor;Assets/Content/Locations/Shopping_Mall/Shopping_Mall_indoor.unity
level61;Shopping_Mall_indoor_buildup;Assets/Content/Locations/Shopping_Mall/Shopping_Mall_indoor_buildup.unity
level62;Shopping_Mall_outdoor;Assets/Content/Locations/Shopping_Mall/Shopping_Mall_outdoor.unity
level63;Shopping_Mall_Terrain;Assets/Content/Locations/Shopping_Mall/Shopping_Mall_Terrain.unity
level64;Shopping_Mall_light;Assets/Content/Locations/Shopping_Mall/Shopping_Mall_light.unity
level65;Shopping_Mall_parking_work;Assets/Content/Locations/Shopping_Mall/Shopping_Mall_parking_work.unity
level66;Shopping_Mall_AI;Assets/Content/Locations/Shopping_Mall/Shopping_Mall_AI.unity
level67;Laboratory_Scripts;Assets/Content/Locations/Laboratory/Laboratory_Scripts.unity
level68;Factory_DesignStuff;Assets/Content/Locations/Factory/Factory_DesignStuff.unity
level69;Factory_Day;Assets/Content/Locations/Factory/Factory_Day.unity
level70;Factory_Night;Assets/Content/Locations/Factory/Factory_Night.unity
level71;Laboratory_work_zone;Assets/Content/Locations/Laboratory/Laboratory_work_zone.unity
level72;Laboratory_relax_zone;Assets/Content/Locations/Laboratory/Laboratory_relax_zone.unity
level73;Laboratory_Medical_corridor_toilets_floor_1;Assets/Content/Locations/Laboratory/Laboratory_Medical_corridor_toilets_floor_1.unity
level74;Laboratory_Office_Above_Boiler_Room_floor_1;Assets/Content/Locations/Laboratory/Laboratory_Office_Above_Boiler_Room_floor_1.unity
level75;Laboratory_Medical_corridor_toilets_floor_2;Assets/Content/Locations/Laboratory/Laboratory_Medical_corridor_toilets_floor_2.unity
level76;Laboratory_Medical_block_floor_1;Assets/Content/Locations/Laboratory/Laboratory_Medical_block_floor_1.unity
level77;Laboratory_Medical_block_floor_2;Assets/Content/Locations/Laboratory/Laboratory_Medical_block_floor_2.unity
level78;Laboratory_Medical_corridors_ladder_walls;Assets/Content/Locations/Laboratory/Laboratory_Medical_corridors_ladder_walls.unity
level79;Laboratory_Medical_corridor_floor_1;Assets/Content/Locations/Laboratory/Laboratory_Medical_corridor_floor_1.unity
level80;Laboratory_Medical_corridor_floor_2;Assets/Content/Locations/Laboratory/Laboratory_Medical_corridor_floor_2.unity
level81;Laboratory_Recreation_toilets;Assets/Content/Locations/Laboratory/Laboratory_Recreation_toilets.unity
level82;Laboratory_Hangar;Assets/Content/Locations/Laboratory/Laboratory_Hangar.unity
level83;Laboratory_Server_Room_floor_1;Assets/Content/Locations/Laboratory/Laboratory_Server_Room_floor_1.unity
level84;Laboratory_Server_Room_Corridor_floor_1;Assets/Content/Locations/Laboratory/Laboratory_Server_Room_Corridor_floor_1.unity
level85;Laboratory_ControlServerRoom_floor_2;Assets/Content/Locations/Laboratory/Laboratory_ControlServerRoom_floor_2.unity
level86;Laboratory_parking;Assets/Content/Locations/Laboratory/Laboratory_parking.unity
level87;Laboratory_Cafe;Assets/Content/Locations/Laboratory/Laboratory_Cafe.unity
level88;Laboratory_Gym;Assets/Content/Locations/Laboratory/Laboratory_Gym.unity
level89;Laboratory_reception;Assets/Content/Locations/Laboratory/Laboratory_reception.unity
level90;Laboratory_Office_block_toilets;Assets/Content/Locations/Laboratory/Laboratory_Office_block_toilets.unity
level91;Laboratory_Boiler_Room_floor_1;Assets/Content/Locations/Laboratory/Laboratory_Boiler_Room_floor_1.unity
level92;Laboratory_Office_block;Assets/Content/Locations/Laboratory/Laboratory_Office_block.unity
level93;Laboratory_parking_corridorL_floor_1;Assets/Content/Locations/Laboratory/Laboratory_parking_corridorL_floor_1.unity
level94;Laboratory_Recreation_corridors;Assets/Content/Locations/Laboratory/Laboratory_Recreation_corridors.unity
level95;Laboratory_parking_corridorR_floor_1;Assets/Content/Locations/Laboratory/Laboratory_parking_corridorR_floor_1.unity
level96;Laboratory_Presentation_room;Assets/Content/Locations/Laboratory/Laboratory_Presentation_room.unity
level97;Laboratory_Research_Test_Room;Assets/Content/Locations/Laboratory/Laboratory_Research_Test_Room.unity
level98;Laboratory_RnD_lab;Assets/Content/Locations/Laboratory/Laboratory_RnD_lab.unity
level99;Laboratory_basement_corridors_01;Assets/Content/Locations/Laboratory/Laboratory_basement_corridors_01.unity
level100;Laboratory_basement_corridors_02;Assets/Content/Locations/Laboratory/Laboratory_basement_corridors_02.unity
level101;Laboratory_Accumulation_collector;Assets/Content/Locations/Laboratory/Laboratory_Accumulation_collector.unity
level102;Laboratory_basement_Collector_tunnel;Assets/Content/Locations/Laboratory/Laboratory_basement_Collector_tunnel.unity
level103;Laboratory_Security_block;Assets/Content/Locations/Laboratory/Laboratory_Security_block.unity
level104;Laboratory_basement_Electropanelboard_room_01;Assets/Content/Locations/Laboratory/Laboratory_basement_Electropanelboard_room_01.unity
level105;Laboratory_basement_Electropanelboard_room_02;Assets/Content/Locations/Laboratory/Laboratory_basement_Electropanelboard_room_02.unity
level106;Laboratory_basement_Thermal_point;Assets/Content/Locations/Laboratory/Laboratory_basement_Thermal_point.unity
level107;Laboratory_basement_Boiler_room_02;Assets/Content/Locations/Laboratory/Laboratory_basement_Boiler_room_02.unity
level108;Laboratory_basement_Autonomous_power_station;Assets/Content/Locations/Laboratory/Laboratory_basement_Autonomous_power_station.unity
level109;Laboratory_basement_Ventilation_room_02;Assets/Content/Locations/Laboratory/Laboratory_basement_Ventilation_room_02.unity
level110;Laboratory_basement_Bunker;Assets/Content/Locations/Laboratory/Laboratory_basement_Bunker.unity
level111;Laboratory_basement_Electropanelboard_room_03;Assets/Content/Locations/Laboratory/Laboratory_basement_Electropanelboard_room_03.unity
level112;Laboratory_Collector_Exit;Assets/Content/Locations/Laboratory/Laboratory_Collector_Exit.unity
level113;Laboratory_AI;Assets/Content/Locations/Laboratory/Laboratory_AI.unity
level114;Laboratory_LIGHT;Assets/Content/Locations/Laboratory/Laboratory_LIGHT.unity
level115;Laboratory_DesignStuff;Assets/Content/Locations/Laboratory/Laboratory_DesignStuff.unity
level116;Reserve_Base_DesignStuff;Assets/Content/Locations/Reserve_Base/Reserve_Base_DesignStuff.unity
level117;Reserve_Base_Academy_and_Kitchens;Assets/Content/Locations/Reserve_Base/Reserve_Base_Academy_and_Kitchens.unity
level118;Reserve_Base_BunkersBig;Assets/Content/Locations/Reserve_Base/Reserve_Base_BunkersBig.unity
level119;Reserve_Base_Casarms;Assets/Content/Locations/Reserve_Base/Reserve_Base_Casarms.unity
level120;Reserve_Base_HQ;Assets/Content/Locations/Reserve_Base/Reserve_Base_HQ.unity
level121;Reserve_Base_Main_Checkpoint;Assets/Content/Locations/Reserve_Base/Reserve_Base_Main_Checkpoint.unity
level122;Reserve_Base_MilitaryDorms;Assets/Content/Locations/Reserve_Base/Reserve_Base_MilitaryDorms.unity
level123;Reserve_Base_Platz;Assets/Content/Locations/Reserve_Base/Reserve_Base_Platz.unity
level124;Reserve_Base_Repairing_base;Assets/Content/Locations/Reserve_Base/Reserve_Base_Repairing_base.unity
level125;Reserve_Base_RLS_Block;Assets/Content/Locations/Reserve_Base/Reserve_Base_RLS_Block.unity
level126;Reserve_Base_Storages;Assets/Content/Locations/Reserve_Base/Reserve_Base_Storages.unity
level127;Reserve_Base_TrainStation;Assets/Content/Locations/Reserve_Base/Reserve_Base_TrainStation.unity
level128;Reserve_Base_VOHR_Camps;Assets/Content/Locations/Reserve_Base/Reserve_Base_VOHR_Camps.unity
level129;Reserve_Base_basement_transition;Assets/Content/Locations/Reserve_Base/Reserve_Base_basement_transition.unity
level130;Reserve_Base_basement_shaft;Assets/Content/Locations/Reserve_Base/Reserve_Base_basement_shaft.unity
level131;Reserve_Base_basement_Block_A;Assets/Content/Locations/Reserve_Base/Reserve_Base_basement_Block_A.unity
level132;Reserve_Base_basement_Block_B;Assets/Content/Locations/Reserve_Base/Reserve_Base_basement_Block_B.unity
level133;Reserve_Base_basement_ClimatControl_room;Assets/Content/Locations/Reserve_Base/Reserve_Base_basement_ClimatControl_room.unity
level134;Reserve_Base_basement_Corridor_A;Assets/Content/Locations/Reserve_Base/Reserve_Base_basement_Corridor_A.unity
level135;Reserve_Base_basement_Corridor_B;Assets/Content/Locations/Reserve_Base/Reserve_Base_basement_Corridor_B.unity
level136;Reserve_Base_AI;Assets/Content/Locations/Reserve_Base/Reserve_Base_AI.unity
level137;Reserve_Base_RLS_Station;Assets/Content/Locations/Reserve_Base/Reserve_Base_RLS_Station.unity
level138;Reserve_Base_Main_RTS;Assets/Content/Locations/Reserve_Base/Reserve_Base_Main_RTS.unity
level139;Reserve_Base_Scripts;Assets/Content/Locations/Reserve_Base/Reserve_Base_Scripts.unity
level140;Reserve_Base_Terrain;Assets/Content/Locations/Reserve_Base/Reserve_Base_Terrain.unity
level141;Reserve_Base_Mortar_Position;Assets/Content/Locations/Reserve_Base/Reserve_Base_Mortar_Position.unity
level142;Reserve_Base_outside_BLOCK_11;Assets/Content/Locations/Reserve_Base/Reserve_Base_outside_BLOCK_11.unity
level143;Reserve_Base_Background;Assets/Content/Locations/Reserve_Base/Reserve_Base_Background.unity
level144;Reserve_Base_Roads;Assets/Content/Locations/Reserve_Base/Reserve_Base_Roads.unity
level145;Reserve_Base_basement_Exit;Assets/Content/Locations/Reserve_Base/Reserve_Base_basement_Exit.unity
level146;Reserve_Base_Light;Assets/Content/Locations/Reserve_Base/Reserve_Base_Light.unity
level147;Reserve_Base_PTOR;Assets/Content/Locations/Reserve_Base/Reserve_Base_PTOR.unity
level148;Reserve_Base_outside_BLOCK_2;Assets/Content/Locations/Reserve_Base/Reserve_Base_outside_BLOCK_2.unity
level149;Reserve_Base_outside_BLOCK_3;Assets/Content/Locations/Reserve_Base/Reserve_Base_outside_BLOCK_3.unity
level150;Reserve_Base_outside_BLOCK_1;Assets/Content/Locations/Reserve_Base/Reserve_Base_outside_BLOCK_1.unity
level151;Reserve_Base_outside_BLOCK_4;Assets/Content/Locations/Reserve_Base/Reserve_Base_outside_BLOCK_4.unity
level152;Reserve_Base_outside_BLOCK_6;Assets/Content/Locations/Reserve_Base/Reserve_Base_outside_BLOCK_6.unity
level153;Reserve_Base_outside_BLOCK_5;Assets/Content/Locations/Reserve_Base/Reserve_Base_outside_BLOCK_5.unity
level154;Reserve_Base_outside_BLOCK_7;Assets/Content/Locations/Reserve_Base/Reserve_Base_outside_BLOCK_7.unity
level155;Reserve_Base_outside_BLOCK_8;Assets/Content/Locations/Reserve_Base/Reserve_Base_outside_BLOCK_8.unity
level156;Reserve_Base_outside_BLOCK_9;Assets/Content/Locations/Reserve_Base/Reserve_Base_outside_BLOCK_9.unity
level157;Reserve_Base_outside_BLOCK_10;Assets/Content/Locations/Reserve_Base/Reserve_Base_outside_BLOCK_10.unity
level158;Reserve_Base_Bunkers;Assets/Content/Locations/Reserve_Base/Reserve_Base_Bunkers.unity
level159;Reserve_Base_Train;Assets/Content/Locations/Reserve_Base/Reserve_Base_Train.unity
level160;Arena_Stationary;Assets/Content/Locations/Arena/Arena_Stationary.unity
level161;bunker_2;Assets/Content/Locations/bunker/bunker_2.unity
level162;Arena;Assets/Content/Locations/Arena/Arena.unity
level163;Arena_Ballistic;Assets/Content/Locations/Arena/Arena_Ballistic.unity
level164;woods_Scripts;Assets/Content/Locations/Woods/woods_Scripts.unity
level165;woods_terrain;Assets/Content/Locations/Woods/woods_terrain.unity
level166;woods_design_stuff;Assets/Content/Locations/Woods/woods_design_stuff.unity
level167;woods_light;Assets/Content/Locations/Woods/woods_light.unity
level168;Reserve_Base_vegetable_warehouse;Assets/Content/Locations/Reserve_Base/Reserve_Base_vegetable_warehouse.unity
level169;Rezerv_Base_Bunkers2;Assets/Content/Locations/Reserve_Base/Rezerv_Base_Bunkers2.unity
level170;custom_Abandoned_Lab;Assets/Content/Locations/Custom/Custom_Expansion_Temp/custom_Abandoned_Lab.unity
level171;custom_Abandoned_Plant;Assets/Content/Locations/Custom/Custom_Expansion_Temp/custom_Abandoned_Plant.unity
level172;Custom_ChemicalFactory;Assets/Content/Locations/Custom/Custom_Expansion_Temp/Custom_ChemicalFactory.unity
level173;Custom_Construction_Factory;Assets/Content/Locations/Custom/Custom_Expansion_Temp/Custom_Construction_Factory.unity
level174;Custom_Expansion;Assets/Content/Locations/Custom/Custom_Expansion_Temp/Custom_Expansion.unity
level175;custom_Pump_Station;Assets/Content/Locations/Custom/Custom_Expansion_Temp/custom_Pump_Station.unity
level176;Custom_RepairBox;Assets/Content/Locations/Custom/Custom_Expansion_Temp/Custom_RepairBox.unity
level177;Factory_new;Assets/Content/Locations/Factory/Factory_new.unity
level178;EnvironmentUISceneFactory;Assets/Scenes/UI/EnvironmentUISceneFactory.unity
level179;EnvironmentUISceneWood;Assets/Scenes/UI/EnvironmentUISceneWood.unity
level180;EnvironmentUISceneLab;Assets/Scenes/UI/EnvironmentUISceneLab.unity
level181;DissonanceSetup;Assets/Dissonance/EFT/DissonanceSetup.unity
level182;EmptyScene;Assets/CommonAssets/Scenes/EmptyScene.unity
level183;Lighthouse_Abadonned_pier;Assets/Content/Locations/Lighthouse/Lighthouse_Abadonned_pier.unity
level184;Lighthouse_AI;Assets/Content/Locations/Lighthouse/Lighthouse_AI.unity
level185;Lighthouse_Background;Assets/Content/Locations/Lighthouse/Lighthouse_Background.unity
level186;Lighthouse_Bus_Stop;Assets/Content/Locations/Lighthouse/Lighthouse_Bus_Stop.unity
level187;Lighthouse_Chalet;Assets/Content/Locations/Lighthouse/Lighthouse_Chalet.unity
level188;Lighthouse_Complex;Assets/Content/Locations/Lighthouse/Lighthouse_Complex.unity
level189;Lighthouse_DesignStuff;Assets/Content/Locations/Lighthouse/Lighthouse_DesignStuff.unity
level190;Lighthouse_Fisher_Village;Assets/Content/Locations/Lighthouse/Lighthouse_Fisher_Village.unity
level191;Lighthouse_Light;Assets/Content/Locations/Lighthouse/Lighthouse_Light.unity
level192;Lighthouse_Logistics_Terminal;Assets/Content/Locations/Lighthouse/Lighthouse_Logistics_Terminal.unity
level193;Lighthouse_Main;Assets/Content/Locations/Lighthouse/Lighthouse_Main.unity
level194;Lighthouse_Marina;Assets/Content/Locations/Lighthouse/Lighthouse_Marina.unity
level195;Lighthouse_Roads;Assets/Content/Locations/Lighthouse/Lighthouse_Roads.unity
level196;Lighthouse_Scripts;Assets/Content/Locations/Lighthouse/Lighthouse_Scripts.unity
level197;Lighthouse_Small_RLS_base;Assets/Content/Locations/Lighthouse/Lighthouse_Small_RLS_base.unity
level198;Lighthouse_SummerHotel;Assets/Content/Locations/Lighthouse/Lighthouse_SummerHotel.unity
level199;Lighthouse_SwampVillage;Assets/Content/Locations/Lighthouse/Lighthouse_SwampVillage.unity
level200;Lighthouse_Terrain;Assets/Content/Locations/Lighthouse/Lighthouse_Terrain.unity
level201;Lighthouse_Tower;Assets/Content/Locations/Lighthouse/Lighthouse_Tower.unity
level202;Lighthouse_TrainStation;Assets/Content/Locations/Lighthouse/Lighthouse_TrainStation.unity
level203;Lighthouse_Tunnel;Assets/Content/Locations/Lighthouse/Lighthouse_Tunnel.unity
level204;Lighthouse_Water_filter_facility_01;Assets/Content/Locations/Lighthouse/Lighthouse_Water_filter_facility_01.unity
level205;Lighthouse_Water_filter_facility_02;Assets/Content/Locations/Lighthouse/Lighthouse_Water_filter_facility_02.unity
level206;Lighthouse_Water_filter_facility_03;Assets/Content/Locations/Lighthouse/Lighthouse_Water_filter_facility_03.unity
level207;Lighthouse_WaterStation;Assets/Content/Locations/Lighthouse/Lighthouse_WaterStation.unity
level208;Lighthouse_island;Assets/Content/Locations/Lighthouse/Lighthouse_island.unity
level209;Lighthouse_Culling;Assets/Content/Locations/Lighthouse/Lighthouse_Culling.unity
level210;EftMainScene;Assets/Scenes/EftMainScene.unity
level211;City_Scripts;Assets/Content/Locations/City/City_Scripts.unity
level212;City_AI;Assets/Content/Locations/City/City_AI.unity
level213;City_culling;Assets/Content/Locations/City/City_culling.unity
level214;City_NE_01_buildings_back;Assets/Content/Locations/City/City_Areas/City_NE_01/City_NE_01_buildings_back.unity
level215;City_NE_01_courtyard_A;Assets/Content/Locations/City/City_Areas/City_NE_01/City_NE_01_courtyard_A.unity
level216;City_NE_02_buildings_back;Assets/Content/Locations/City/City_Areas/City_NE_02/City_NE_02_buildings_back.unity
level217;City_NE_02_courtyard;Assets/Content/Locations/City/City_Areas/City_NE_02/City_NE_02_courtyard.unity
level218;City_NE_02_TD_Klimova;Assets/Content/Locations/City/City_Areas/City_NE_02/City_NE_02_TD_Klimova.unity
level219;City_NE_02_TD_Klimova_courtyard;Assets/Content/Locations/City/City_Areas/City_NE_02/City_NE_02_TD_Klimova_courtyard.unity
level220;City_NW_01_Cardinal;Assets/Content/Locations/City/City_Areas/City_NW_01/City_NW_01_Cardinal.unity
level221;City_NW_01_courtyard;Assets/Content/Locations/City/City_Areas/City_NW_01/City_NW_01_courtyard.unity
level222;City_NW_02_courtyard;Assets/Content/Locations/City/City_Areas/City_NW_02/City_NW_02_courtyard.unity
level223;City_NW_02_buildings_back;Assets/Content/Locations/City/City_Areas/City_NW_02/City_NW_02_buildings_back.unity
level224;City_NW_03_courtyard_A;Assets/Content/Locations/City/City_Areas/City_NW_03/City_NW_03_courtyard_A.unity
level225;City_NW_03_buildings_back;Assets/Content/Locations/City/City_Areas/City_NW_03/City_NW_03_buildings_back.unity
level226;City_SE_01_courtyard_A;Assets/Content/Locations/City/City_Areas/City_SE_01/City_SE_01_courtyard_A.unity
level227;City_SE_01_courtyard_B;Assets/Content/Locations/City/City_Areas/City_SE_01/City_SE_01_courtyard_B.unity
level228;City_SE_01_Klimova_24;Assets/Content/Locations/City/City_Areas/City_SE_01/City_SE_01_Klimova_24.unity
level229;City_SE_01_Lenina_74;Assets/Content/Locations/City/City_Areas/City_SE_01/City_SE_01_Lenina_74.unity
level230;City_SE_01_Nikitskaya_1;Assets/Content/Locations/City/City_Areas/City_SE_01/City_SE_01_Nikitskaya_1.unity
level231;City_SE_01_Nikitskaya_1_Indoor;Assets/Content/Locations/City/City_Areas/City_SE_01/City_SE_01_Nikitskaya_1_Indoor.unity
level232;City_SE_01_Pinewood_Hotel;Assets/Content/Locations/City/City_Areas/City_SE_01/City_SE_01_Pinewood_Hotel.unity
level233;City_SE_01_Pinewood_Hotel_indoor;Assets/Content/Locations/City/City_Areas/City_SE_01/City_SE_01_Pinewood_Hotel_indoor.unity
level234;City_SE_02_courtyard_A;Assets/Content/Locations/City/City_Areas/City_SE_02/City_SE_02_courtyard_A.unity
level235;City_SE_02_courtyard_B;Assets/Content/Locations/City/City_Areas/City_SE_02/City_SE_02_courtyard_B.unity
level236;City_SE_02_Lenina_78;Assets/Content/Locations/City/City_Areas/City_SE_02/City_SE_02_Lenina_78.unity
level237;City_SE_02_Lenina_76;Assets/Content/Locations/City/City_Areas/City_SE_02/City_SE_02_Lenina_76.unity
level238;City_SE_02_Malevicha_1;Assets/Content/Locations/City/City_Areas/City_SE_02/City_SE_02_Malevicha_1.unity
level239;City_SE_02_Malevicha_1_indoor;Assets/Content/Locations/City/City_Areas/City_SE_02/City_SE_02_Malevicha_1_indoor.unity
level240;CIty_SE_02_Malevicha_2;Assets/Content/Locations/City/City_Areas/City_SE_02/CIty_SE_02_Malevicha_2.unity
level241;CIty_SE_02_Malevicha_2_indoor;Assets/Content/Locations/City/City_Areas/City_SE_02/CIty_SE_02_Malevicha_2_indoor.unity
level242;City_SE_02_Malevicha_3;Assets/Content/Locations/City/City_Areas/City_SE_02/City_SE_02_Malevicha_3.unity
level243;City_SE_02_Malevicha_3_Indoor;Assets/Content/Locations/City/City_Areas/City_SE_02/City_SE_02_Malevicha_3_Indoor.unity
level244;City_SE_02_Malevicha_5;Assets/Content/Locations/City/City_Areas/City_SE_02/City_SE_02_Malevicha_5.unity
level245;CIty_SE_02_Nikitskaya_2;Assets/Content/Locations/City/City_Areas/City_SE_02/CIty_SE_02_Nikitskaya_2.unity
level246;CIty_SE_02_Nikitskaya_2_indoor;Assets/Content/Locations/City/City_Areas/City_SE_02/CIty_SE_02_Nikitskaya_2_indoor.unity
level247;City_SE_02_Nikitskaya_4;Assets/Content/Locations/City/City_Areas/City_SE_02/City_SE_02_Nikitskaya_4.unity
level248;City_SE_02_Nikitskaya_6;Assets/Content/Locations/City/City_Areas/City_SE_02/City_SE_02_Nikitskaya_6.unity
level249;City_SE_02_Nikitskaya_6_indoor;Assets/Content/Locations/City/City_Areas/City_SE_02/City_SE_02_Nikitskaya_6_indoor.unity
level250;City_SE_02_Nikitskaya_8;Assets/Content/Locations/City/City_Areas/City_SE_02/City_SE_02_Nikitskaya_8.unity
level251;City_SE_02_Nikitskaya_8_Indoor;Assets/Content/Locations/City/City_Areas/City_SE_02/City_SE_02_Nikitskaya_8_Indoor.unity
level252;City_SE_02_Nikitskaya_10;Assets/Content/Locations/City/City_Areas/City_SE_02/City_SE_02_Nikitskaya_10.unity
level253;City_SE_02_Nikitskaya_10_indoor;Assets/Content/Locations/City/City_Areas/City_SE_02/City_SE_02_Nikitskaya_10_indoor.unity
level254;City_SE_02_Nikitskaya_10a;Assets/Content/Locations/City/City_Areas/City_SE_02/City_SE_02_Nikitskaya_10a.unity
level255;City_SE_02_Nikitskaya_10a_indoor;Assets/Content/Locations/City/City_Areas/City_SE_02/City_SE_02_Nikitskaya_10a_indoor.unity
level256;City_SE_02_Primorskiy_49;Assets/Content/Locations/City/City_Areas/City_SE_02/City_SE_02_Primorskiy_49.unity
level257;City_SE_02_Primorskiy_49_indoor;Assets/Content/Locations/City/City_Areas/City_SE_02/City_SE_02_Primorskiy_49_indoor.unity
level258;City_SE_02_Primorskiy_51;Assets/Content/Locations/City/City_Areas/City_SE_02/City_SE_02_Primorskiy_51.unity
level259;City_SE_02_Primorskiy_51_indoor;Assets/Content/Locations/City/City_Areas/City_SE_02/City_SE_02_Primorskiy_51_indoor.unity
level260;City_SE_02_Verhnyaya_Sadovaya_1;Assets/Content/Locations/City/City_Areas/City_SE_02/City_SE_02_Verhnyaya_Sadovaya_1.unity
level261;City_SE_02_Verhnyaya_Sadovaya_3;Assets/Content/Locations/City/City_Areas/City_SE_02/City_SE_02_Verhnyaya_Sadovaya_3.unity
level262;City_SE_02_Verhnyaya_Sadovaya_3_indoor;Assets/Content/Locations/City/City_Areas/City_SE_02/City_SE_02_Verhnyaya_Sadovaya_3_indoor.unity
level263;City_SE_03_Cinema;Assets/Content/Locations/City/City_Areas/City_SE_03/City_SE_03_Cinema.unity
level264;City_SE_03_Cinema_indoor;Assets/Content/Locations/City/City_Areas/City_SE_03/City_SE_03_Cinema_indoor.unity
level265;City_SE_03_Cinema_Street;Assets/Content/Locations/City/City_Areas/City_SE_03/City_SE_03_Cinema_Street.unity
level266;City_SE_03_Lenina_80;Assets/Content/Locations/City/City_Areas/City_SE_03/City_SE_03_Lenina_80.unity
level267;City_SE_03_Square_Gagarina;Assets/Content/Locations/City/City_Areas/City_SE_03/City_SE_03_Square_Gagarina.unity
level268;City_SE_03_Verhnyaya_Sadovaya_4;Assets/Content/Locations/City/City_Areas/City_SE_03/City_SE_03_Verhnyaya_Sadovaya_4.unity
level269;City_SE_04_courtyard;Assets/Content/Locations/City/City_Areas/City_SE_04/City_SE_04_courtyard.unity
level270;City_SE_04_Lenina_84;Assets/Content/Locations/City/City_Areas/City_SE_04/City_SE_04_Lenina_84.unity
level271;City_SE_04_Nizhnyaya_Sadovaya_2;Assets/Content/Locations/City/City_Areas/City_SE_04/City_SE_04_Nizhnyaya_Sadovaya_2.unity
level272;City_SE_04_Nizhnyaya_Sadovaya_4;Assets/Content/Locations/City/City_Areas/City_SE_04/City_SE_04_Nizhnyaya_Sadovaya_4.unity
level273;City_SE_04_Nizhnyaya_Sadovaya_4_indoor;Assets/Content/Locations/City/City_Areas/City_SE_04/City_SE_04_Nizhnyaya_Sadovaya_4_indoor.unity
level274;City_SE_04_Nizhnyaya_Sadovaya_4a;Assets/Content/Locations/City/City_Areas/City_SE_04/City_SE_04_Nizhnyaya_Sadovaya_4a.unity
level275;City_SE_04_Nizhnyaya_Sadovaya_6;Assets/Content/Locations/City/City_Areas/City_SE_04/City_SE_04_Nizhnyaya_Sadovaya_6.unity
level276;City_SE_04_Nizhynaya_Sadovaya_8;Assets/Content/Locations/City/City_Areas/City_SE_04/City_SE_04_Nizhynaya_Sadovaya_8.unity
level277;City_SE_04_Primorskiy_53;Assets/Content/Locations/City/City_Areas/City_SE_04/City_SE_04_Primorskiy_53.unity
level278;City_SE_04_Primorskiy_53_indoor;Assets/Content/Locations/City/City_Areas/City_SE_04/City_SE_04_Primorskiy_53_indoor.unity
level279;City_SE_04_Primorskiy_55;Assets/Content/Locations/City/City_Areas/City_SE_04/City_SE_04_Primorskiy_55.unity
level280;City_SE_04_Primorskiy_57;Assets/Content/Locations/City/City_Areas/City_SE_04/City_SE_04_Primorskiy_57.unity
level281;City_SE_05_buildings_back;Assets/Content/Locations/City/City_Areas/City_SE_05/City_SE_05_buildings_back.unity
level282;City_SE_05_courtyard;Assets/Content/Locations/City/City_Areas/City_SE_05/City_SE_05_courtyard.unity
level283;City_SE_05_Lenina_75;Assets/Content/Locations/City/City_Areas/City_SE_05/City_SE_05_Lenina_75.unity
level284;City_SE_05_Nikitskiy_Market;Assets/Content/Locations/City/City_Areas/City_SE_05/City_SE_05_Nikitskiy_Market.unity
level285;City_SE_06_courtyard;Assets/Content/Locations/City/City_Areas/City_SE_06/City_SE_06_courtyard.unity
level286;City_SE_06_buildings_back;Assets/Content/Locations/City/City_Areas/City_SE_06/City_SE_06_buildings_back.unity
level287;City_SE_07_courtyard;Assets/Content/Locations/City/City_Areas/City_SE_07/City_SE_07_courtyard.unity
level288;City_SE_07_buildings_back;Assets/Content/Locations/City/City_Areas/City_SE_07/City_SE_07_buildings_back.unity
level289;City_SW_01_A_Chekannaya_15;Assets/Content/Locations/City/City_Areas/City_SW_01_A/City_SW_01_A_Chekannaya_15.unity
level290;City_SW_01_A_Chekannaya_15_indoor;Assets/Content/Locations/City/City_Areas/City_SW_01_A/City_SW_01_A_Chekannaya_15_indoor.unity
level291;City_SW_01_A_courtyard;Assets/Content/Locations/City/City_Areas/City_SW_01_A/City_SW_01_A_courtyard.unity
level292;City_SW_01_A_Klimova_18;Assets/Content/Locations/City/City_Areas/City_SW_01_A/City_SW_01_A_Klimova_18.unity
level293;City_SW_01_A_Klimova_20;Assets/Content/Locations/City/City_Areas/City_SW_01_A/City_SW_01_A_Klimova_20.unity
level294;City_SW_01_A_Primorskiy_44;Assets/Content/Locations/City/City_Areas/City_SW_01_A/City_SW_01_A_Primorskiy_44.unity
level295;City_SW_01_A_Primorskiy_44_indoor;Assets/Content/Locations/City/City_Areas/City_SW_01_A/City_SW_01_A_Primorskiy_44_indoor.unity
level296;City_SW_01_A_Primorskiy_46;Assets/Content/Locations/City/City_Areas/City_SW_01_A/City_SW_01_A_Primorskiy_46.unity
level297;City_SW_01_A_Primorskiy_46_indoor;Assets/Content/Locations/City/City_Areas/City_SW_01_A/City_SW_01_A_Primorskiy_46_indoor.unity
level298;City_SW_01_A_Primorskiy_48;Assets/Content/Locations/City/City_Areas/City_SW_01_A/City_SW_01_A_Primorskiy_48.unity
level299;City_SW_01_A_Primorskiy_48_indoor;Assets/Content/Locations/City/City_Areas/City_SW_01_A/City_SW_01_A_Primorskiy_48_indoor.unity
level300;City_SW_01_A_Primorskiy_50;Assets/Content/Locations/City/City_Areas/City_SW_01_A/City_SW_01_A_Primorskiy_50.unity
level301;City_SW_01_A_Primorskiy_50_indoor;Assets/Content/Locations/City/City_Areas/City_SW_01_A/City_SW_01_A_Primorskiy_50_indoor.unity
level302;City_SW_01_A_Primorskiy_52;Assets/Content/Locations/City/City_Areas/City_SW_01_A/City_SW_01_A_Primorskiy_52.unity
level303;City_SW_01_A_Primorskiy_52_indoor;Assets/Content/Locations/City/City_Areas/City_SW_01_A/City_SW_01_A_Primorskiy_52_indoor.unity
level304;City_SW_01_A_Zmeiskiy_1;Assets/Content/Locations/City/City_Areas/City_SW_01_A/City_SW_01_A_Zmeiskiy_1.unity
level305;City_SW_01_A_Zmeiskiy_3;Assets/Content/Locations/City/City_Areas/City_SW_01_A/City_SW_01_A_Zmeiskiy_3.unity
level306;City_SW_01_A_Zmeiskiy_3_indoor;Assets/Content/Locations/City/City_Areas/City_SW_01_A/City_SW_01_A_Zmeiskiy_3_indoor.unity
level307;City_SW_01_A_Zmeiskiy_3a;Assets/Content/Locations/City/City_Areas/City_SW_01_A/City_SW_01_A_Zmeiskiy_3a.unity
level308;City_SW_01_A_Zmeiskiy_3a_indoor;Assets/Content/Locations/City/City_Areas/City_SW_01_A/City_SW_01_A_Zmeiskiy_3a_indoor.unity
level309;City_SW_01_A_Zmeiskiy_5;Assets/Content/Locations/City/City_Areas/City_SW_01_A/City_SW_01_A_Zmeiskiy_5.unity
level310;City_SW_01_A_Zmeiskiy_5_indoor;Assets/Content/Locations/City/City_Areas/City_SW_01_A/City_SW_01_A_Zmeiskiy_5_indoor.unity
level311;City_SW_01_B_Chekannaya_13;Assets/Content/Locations/City/City_Areas/City_SW_01_B/City_SW_01_B_Chekannaya_13.unity
level312;City_SW_01_B_courtyard;Assets/Content/Locations/City/City_Areas/City_SW_01_B/City_SW_01_B_courtyard.unity
level313;City_SW_01_B_Kamchatskaya_5b;Assets/Content/Locations/City/City_Areas/City_SW_01_B/City_SW_01_B_Kamchatskaya_5b.unity
level314;City_SW_01_B_Klimova_16;Assets/Content/Locations/City/City_Areas/City_SW_01_B/City_SW_01_B_Klimova_16.unity
level315;City_SW_01_B_Klimova_16a;Assets/Content/Locations/City/City_Areas/City_SW_01_B/City_SW_01_B_Klimova_16a.unity
level316;City_SW_01_B_School_30;Assets/Content/Locations/City/City_Areas/City_SW_01_B/City_SW_01_B_School_30.unity
level317;City_SW_01_B_Zmeiskiy_2;Assets/Content/Locations/City/City_Areas/City_SW_01_B/City_SW_01_B_Zmeiskiy_2.unity
level318;City_SW_01_B_Zmeiskiy_4;Assets/Content/Locations/City/City_Areas/City_SW_01_B/City_SW_01_B_Zmeiskiy_4.unity
level319;City_SW_01_B_Zmeiskiy_4a;Assets/Content/Locations/City/City_Areas/City_SW_01_B/City_SW_01_B_Zmeiskiy_4a.unity
level320;City_SW_01_B_Zmeiskiy_6;Assets/Content/Locations/City/City_Areas/City_SW_01_B/City_SW_01_B_Zmeiskiy_6.unity
level321;City_SW_01_B_Zmeiskiy_8;Assets/Content/Locations/City/City_Areas/City_SW_01_B/City_SW_01_B_Zmeiskiy_8.unity
level322;City_NW_03_Sportmarket_Lermontova;Assets/Content/Locations/City/City_Areas/City_NW_03/City_NW_03_Sportmarket_Lermontova.unity
level323;City_SW_02_Construction;Assets/Content/Locations/City/City_Areas/City_SW_02/City_SW_02_Construction.unity
level324;City_SW_02_Construction_indoor;Assets/Content/Locations/City/City_Areas/City_SW_02/City_SW_02_Construction_indoor.unity
level325;City_SW_02_Construction_outdoor;Assets/Content/Locations/City/City_Areas/City_SW_02/City_SW_02_Construction_outdoor.unity
level326;City_SW_02_LexOs_AutoService;Assets/Content/Locations/City/City_Areas/City_SW_02/City_SW_02_LexOs_AutoService.unity
level327;City_SW_02_LexOs_AutoService_courtyard;Assets/Content/Locations/City/City_Areas/City_SW_02/City_SW_02_LexOs_AutoService_courtyard.unity
level328;City_SW_02_LexOs_AutoService_indoor;Assets/Content/Locations/City/City_Areas/City_SW_02/City_SW_02_LexOs_AutoService_indoor.unity
level329;City_SW_02_LexOs_blockpost;Assets/Content/Locations/City/City_Areas/City_SW_02/City_SW_02_LexOs_blockpost.unity
level330;City_SW_02_LexOs_RemBox;Assets/Content/Locations/City/City_Areas/City_SW_02/City_SW_02_LexOs_RemBox.unity
level331;City_SW_02_LexOs_RemBox_indoor;Assets/Content/Locations/City/City_Areas/City_SW_02/City_SW_02_LexOs_RemBox_indoor.unity
level332;City_SW_02_Primorskiy_56;Assets/Content/Locations/City/City_Areas/City_SW_02/City_SW_02_Primorskiy_56.unity
level333;City_SW_02_Primorskiy_56_indoor;Assets/Content/Locations/City/City_Areas/City_SW_02/City_SW_02_Primorskiy_56_indoor.unity
level334;City_SW_02_Razvedchikov_7;Assets/Content/Locations/City/City_Areas/City_SW_02/City_SW_02_Razvedchikov_7.unity
level335;City_SW_02_Razvedchikov_7_indoor;Assets/Content/Locations/City/City_Areas/City_SW_02/City_SW_02_Razvedchikov_7_indoor.unity
level336;City_SW_02_Razvedchikov_9;Assets/Content/Locations/City/City_Areas/City_SW_02/City_SW_02_Razvedchikov_9.unity
level337;City_SW_02_Razvedchikov_9_indoor;Assets/Content/Locations/City/City_Areas/City_SW_02/City_SW_02_Razvedchikov_9_indoor.unity
level338;City_SW_02_Razvedchikov_9_Parking;Assets/Content/Locations/City/City_Areas/City_SW_02/City_SW_02_Razvedchikov_9_Parking.unity
level339;City_SW_02_Razvedchikov_Courtyard_A;Assets/Content/Locations/City/City_Areas/City_SW_02/City_SW_02_Razvedchikov_Courtyard_A.unity
level340;City_SW_02_Sparja;Assets/Content/Locations/City/City_Areas/City_SW_02/City_SW_02_Sparja.unity
level341;City_SW_02_Sparja_courtyard;Assets/Content/Locations/City/City_Areas/City_SW_02/City_SW_02_Sparja_courtyard.unity
level342;City_SW_02_Sparja_indoor;Assets/Content/Locations/City/City_Areas/City_SW_02/City_SW_02_Sparja_indoor.unity
level343;City_SW_03_buildings_back;Assets/Content/Locations/City/City_Areas/City_SW_03/City_SW_03_buildings_back.unity
level344;City_SW_03_courtyad_B;Assets/Content/Locations/City/City_Areas/City_SW_03/City_SW_03_courtyad_B.unity
level345;City_SW_04_courtyard;Assets/Content/Locations/City/City_Areas/City_SW_04/City_SW_04_courtyard.unity
level346;City_SW_04_Primorskiy_58;Assets/Content/Locations/City/City_Areas/City_SW_04/City_SW_04_Primorskiy_58.unity
level347;City_SW_04_Primorskiy_58_indoor;Assets/Content/Locations/City/City_Areas/City_SW_04/City_SW_04_Primorskiy_58_indoor.unity
level348;City_SW_04_Primorskiy_60;Assets/Content/Locations/City/City_Areas/City_SW_04/City_SW_04_Primorskiy_60.unity
level349;City_NW_03_Sportmarket_Lermontova_indoor;Assets/Content/Locations/City/City_Areas/City_NW_03/City_NW_03_Sportmarket_Lermontova_indoor.unity
level350;City_SW_05_courtyard_A;Assets/Content/Locations/City/City_Areas/City_SW_05/City_SW_05_courtyard_A.unity
level351;City_SW_05_courtyard_B;Assets/Content/Locations/City/City_Areas/City_SW_05/City_SW_05_courtyard_B.unity
level352;City_SW_05_Building_Back;Assets/Content/Locations/City/City_Areas/City_SW_05/City_SW_05_Building_Back.unity
level353;City_Roads_Chekannaya;Assets/Content/Locations/City/City_Areas/City_Roads/City_Roads_Chekannaya.unity
level354;City_Roads_Kamchatskaya;Assets/Content/Locations/City/City_Areas/City_Roads/City_Roads_Kamchatskaya.unity
level355;City_Roads_Klimova;Assets/Content/Locations/City/City_Areas/City_Roads/City_Roads_Klimova.unity
level356;City_Roads_Lenina;Assets/Content/Locations/City/City_Areas/City_Roads/City_Roads_Lenina.unity
level357;City_Roads_Malevicha;Assets/Content/Locations/City/City_Areas/City_Roads/City_Roads_Malevicha.unity
level358;City_Roads_Nikitskaya;Assets/Content/Locations/City/City_Areas/City_Roads/City_Roads_Nikitskaya.unity
level359;City_Roads_Primorskiy;Assets/Content/Locations/City/City_Areas/City_Roads/City_Roads_Primorskiy.unity
level360;City_Roads_Razvedchikov;Assets/Content/Locations/City/City_Areas/City_Roads/City_Roads_Razvedchikov.unity
level361;City_Roads_Rohlina;Assets/Content/Locations/City/City_Areas/City_Roads/City_Roads_Rohlina.unity
level362;City_Roads_Sadovaya;Assets/Content/Locations/City/City_Areas/City_Roads/City_Roads_Sadovaya.unity
level363;City_Roads_Tunnel;Assets/Content/Locations/City/City_Areas/City_Roads/City_Roads_Tunnel.unity
level364;City_Roads_Underground;Assets/Content/Locations/City/City_Areas/City_Roads/City_Roads_Underground.unity
level365;City_Roads_Zmeiskiy;Assets/Content/Locations/City/City_Areas/City_Roads/City_Roads_Zmeiskiy.unity
level366;City_NW_03_Klimova_1a;Assets/Content/Locations/City/City_Areas/City_NW_03/City_NW_03_Klimova_1a.unity
level367;City_NE_02_Light;Assets/Content/Locations/City/City_Areas/City_Light/City_NE_02_Light.unity
level368;City_NW_01_Light;Assets/Content/Locations/City/City_Areas/City_Light/City_NW_01_Light.unity
level369;City_NW_03_Senator;Assets/Content/Locations/City/City_Areas/City_NW_03/City_NW_03_Senator.unity
level370;City_NW_03_Light;Assets/Content/Locations/City/City_Areas/City_Light/City_NW_03_Light.unity
level371;City_Roads_Light;Assets/Content/Locations/City/City_Areas/City_Light/City_Roads_Light.unity
level372;City_SE_01_Light;Assets/Content/Locations/City/City_Areas/City_Light/City_SE_01_Light.unity
level373;City_SE_02_Light;Assets/Content/Locations/City/City_Areas/City_Light/City_SE_02_Light.unity
level374;City_SE_03_Light;Assets/Content/Locations/City/City_Areas/City_Light/City_SE_03_Light.unity
level375;City_SE_04_Light;Assets/Content/Locations/City/City_Areas/City_Light/City_SE_04_Light.unity
level376;City_SE_05_Light;Assets/Content/Locations/City/City_Areas/City_Light/City_SE_05_Light.unity
level377;City_SE_06_Light;Assets/Content/Locations/City/City_Areas/City_Light/City_SE_06_Light.unity
level378;City_NW_03_Klimova_1a_indoor;Assets/Content/Locations/City/City_Areas/City_NW_03/City_NW_03_Klimova_1a_indoor.unity
level379;City_SW_01_A_Light;Assets/Content/Locations/City/City_Areas/City_Light/City_SW_01_A_Light.unity
level380;City_SW_01_B_Light;Assets/Content/Locations/City/City_Areas/City_Light/City_SW_01_B_Light.unity
level381;City_SW_02_Light;Assets/Content/Locations/City/City_Areas/City_Light/City_SW_02_Light.unity
level382;City_SW_04_Light;Assets/Content/Locations/City/City_Areas/City_Light/City_SW_04_Light.unity
level383;City_SW_05_Light;Assets/Content/Locations/City/City_Areas/City_Light/City_SW_05_Light.unity
level384;City_Roads_DesignStuff;Assets/Content/Locations/City/City_Areas/City_DesignStuff/City_Roads_DesignStuff.unity
level385;City_SE_01_DesignStuff;Assets/Content/Locations/City/City_Areas/City_DesignStuff/City_SE_01_DesignStuff.unity
level386;City_SE_02_DesignStuff;Assets/Content/Locations/City/City_Areas/City_DesignStuff/City_SE_02_DesignStuff.unity
level387;City_SE_03_DesignStuff;Assets/Content/Locations/City/City_Areas/City_DesignStuff/City_SE_03_DesignStuff.unity
level388;City_SE_04_DesignStuff;Assets/Content/Locations/City/City_Areas/City_DesignStuff/City_SE_04_DesignStuff.unity
level389;City_SW_01_A_DesignStuff;Assets/Content/Locations/City/City_Areas/City_DesignStuff/City_SW_01_A_DesignStuff.unity
level390;City_SW_02_DesignStuff;Assets/Content/Locations/City/City_Areas/City_DesignStuff/City_SW_02_DesignStuff.unity
level391;City_SW_04_DesignStuff;Assets/Content/Locations/City/City_Areas/City_DesignStuff/City_SW_04_DesignStuff.unity
level392;City_Portals;Assets/Content/Locations/City/City_Areas/City_Light/City_Portals.unity
level393;City_Stencil;Assets/Content/Locations/City/City_Areas/City_Light/City_Stencil.unity
level394;City_Grass;Assets/Content/Locations/City/City_Areas/City_Grass.unity
level395;City_Quests;Assets/Content/Locations/City/City_Quests.unity
level396;City_Design_Main;Assets/Content/Locations/City/City_Design_Main.unity
level397;City_Sound;Assets/Content/Locations/City/City_Sound.unity
level398;Factory_Sound;Assets/Content/Locations/Factory/Factory_Sound.unity
level399;Woods_Sound;Assets/Content/Locations/Woods/Woods_Sound.unity
level400;Laboratory_Sound;Assets/Content/Locations/Laboratory/Laboratory_Sound.unity
level401;Reserve_Sound;Assets/Content/Locations/Reserve_Base/Reserve_Sound.unity
level402;Shoreline_Sound;Assets/Content/Locations/shorline/Shoreline_Sound.unity
level403;Shopping_Mall_Sound;Assets/Content/Locations/Shopping_Mall/Shopping_Mall_Sound.unity
level404;Lighthouse_Sound;Assets/Content/Locations/Lighthouse/Lighthouse_Sound.unity
level405;City_NE_02_Primorskiy_43;Assets/Content/Locations/City/City_Areas/City_NE_02/City_NE_02_Primorskiy_43.unity
level406;City_NE_02_Primorskiy_45;Assets/Content/Locations/City/City_Areas/City_NE_02/City_NE_02_Primorskiy_45.unity
level407;City_NE_02_Primorskiy_45_indoor;Assets/Content/Locations/City/City_Areas/City_NE_02/City_NE_02_Primorskiy_45_indoor.unity
level408;City_NE_02_TD_Klimova_Beluga_indoor;Assets/Content/Locations/City/City_Areas/City_NE_02/City_NE_02_TD_Klimova_Beluga_indoor.unity
level409;City_NE_02_TD_Klimova_Foodcourt_indoor;Assets/Content/Locations/City/City_Areas/City_NE_02/City_NE_02_TD_Klimova_Foodcourt_indoor.unity
level410;City_NE_02_TD_Klimova_indoor;Assets/Content/Locations/City/City_Areas/City_NE_02/City_NE_02_TD_Klimova_indoor.unity
level411;City_NE_02_TD_Klimova_Toy_Store_indoor;Assets/Content/Locations/City/City_Areas/City_NE_02/City_NE_02_TD_Klimova_Toy_Store_indoor.unity
level412;City_NE_02_Transtechexport;Assets/Content/Locations/City/City_Areas/City_NE_02/City_NE_02_Transtechexport.unity
level413;City_NE_02_Transtechexport_indoor;Assets/Content/Locations/City/City_Areas/City_NE_02/City_NE_02_Transtechexport_indoor.unity
level414;City_NE_02_Tyaglovoy_Per_1;Assets/Content/Locations/City/City_Areas/City_NE_02/City_NE_02_Tyaglovoy_Per_1.unity
level415;City_NW_01_Cardinal_indoor;Assets/Content/Locations/City/City_Areas/City_NW_01/City_NW_01_Cardinal_indoor.unity
level416;City_NW_02_Tetris;Assets/Content/Locations/City/City_Areas/City_NW_02/City_NW_02_Tetris.unity
level417;City_Roads_Sahalinskaya;Assets/Content/Locations/City/City_Areas/City_Roads/City_Roads_Sahalinskaya.unity
level418;City_Roads_Tyaglovoy_Per;Assets/Content/Locations/City/City_Areas/City_Roads/City_Roads_Tyaglovoy_Per.unity
level419;City_SE_04_Nizhnyaya_Sadovaya_4a_indoor;Assets/Content/Locations/City/City_Areas/City_SE_04/City_SE_04_Nizhnyaya_Sadovaya_4a_indoor.unity
level420;City_SW_01_A_Klimova_18_Indoor;Assets/Content/Locations/City/City_Areas/City_SW_01_A/City_SW_01_A_Klimova_18_Indoor.unity
level421;City_SW_01_B_Chekannaya_13_indoor;Assets/Content/Locations/City/City_Areas/City_SW_01_B/City_SW_01_B_Chekannaya_13_indoor.unity
level422;City_SW_01_B_Kamchatskaya_1;Assets/Content/Locations/City/City_Areas/City_SW_01_B/City_SW_01_B_Kamchatskaya_1.unity
level423;City_SW_01_B_Kamchatskaya_1a;Assets/Content/Locations/City/City_Areas/City_SW_01_B/City_SW_01_B_Kamchatskaya_1a.unity
level424;City_SW_01_B_Kamchatskaya_1a_indoor;Assets/Content/Locations/City/City_Areas/City_SW_01_B/City_SW_01_B_Kamchatskaya_1a_indoor.unity
level425;City_SW_01_B_Kamchatskaya_3;Assets/Content/Locations/City/City_Areas/City_SW_01_B/City_SW_01_B_Kamchatskaya_3.unity
level426;City_SW_01_B_Kamchatskaya_3_indoor;Assets/Content/Locations/City/City_Areas/City_SW_01_B/City_SW_01_B_Kamchatskaya_3_indoor.unity
level427;City_SW_01_B_Kamchatskaya_5;Assets/Content/Locations/City/City_Areas/City_SW_01_B/City_SW_01_B_Kamchatskaya_5.unity
level428;City_SW_01_B_Kamchatskaya_5b_indoor;Assets/Content/Locations/City/City_Areas/City_SW_01_B/City_SW_01_B_Kamchatskaya_5b_indoor.unity
level429;City_SW_01_B_Klimova_12;Assets/Content/Locations/City/City_Areas/City_SW_01_B/City_SW_01_B_Klimova_12.unity
level430;City_SW_01_B_Klimova_14;Assets/Content/Locations/City/City_Areas/City_SW_01_B/City_SW_01_B_Klimova_14.unity
level431;City_SW_01_B_Klimova_14a;Assets/Content/Locations/City/City_Areas/City_SW_01_B/City_SW_01_B_Klimova_14a.unity
level432;City_SW_01_B_Klimova_14a_indoor;Assets/Content/Locations/City/City_Areas/City_SW_01_B/City_SW_01_B_Klimova_14a_indoor.unity
level433;City_SW_01_B_Klimova_16_indoor;Assets/Content/Locations/City/City_Areas/City_SW_01_B/City_SW_01_B_Klimova_16_indoor.unity
level434;City_SW_01_B_Klimova_16a_indoor;Assets/Content/Locations/City/City_Areas/City_SW_01_B/City_SW_01_B_Klimova_16a_indoor.unity
level435;City_SW_01_B_School_30_indoor;Assets/Content/Locations/City/City_Areas/City_SW_01_B/City_SW_01_B_School_30_indoor.unity
level436;City_SW_01_B_Zmeiskiy_2_indoor;Assets/Content/Locations/City/City_Areas/City_SW_01_B/City_SW_01_B_Zmeiskiy_2_indoor.unity
level437;City_SW_01_B_Zmeiskiy_4a_indoor;Assets/Content/Locations/City/City_Areas/City_SW_01_B/City_SW_01_B_Zmeiskiy_4a_indoor.unity
level438;City_SW_01_B_Zmeiskiy_8_indoor;Assets/Content/Locations/City/City_Areas/City_SW_01_B/City_SW_01_B_Zmeiskiy_8_indoor.unity
level439;City_SW_03_courtyad_A;Assets/Content/Locations/City/City_Areas/City_SW_03/City_SW_03_courtyad_A.unity
level440;City_SW_03_Kamchatskaya_2;Assets/Content/Locations/City/City_Areas/City_SW_03/City_SW_03_Kamchatskaya_2.unity
level441;City_SW_03_Kamchatskaya_4;Assets/Content/Locations/City/City_Areas/City_SW_03/City_SW_03_Kamchatskaya_4.unity
level442;City_SW_03_Klimova_2;Assets/Content/Locations/City/City_Areas/City_SW_03/City_SW_03_Klimova_2.unity
level443;City_SW_03_Klimova_6;Assets/Content/Locations/City/City_Areas/City_SW_03/City_SW_03_Klimova_6.unity
level444;City_SW_03_Klimova_8;Assets/Content/Locations/City/City_Areas/City_SW_03/City_SW_03_Klimova_8.unity
level445;City_SW_03_Klimova_10;Assets/Content/Locations/City/City_Areas/City_SW_03/City_SW_03_Klimova_10.unity
level446;City_SW_04_Primorskiy_58_str1;Assets/Content/Locations/City/City_Areas/City_SW_04/City_SW_04_Primorskiy_58_str1.unity
level447;City_SW_04_Primorskiy_58_str1_indoor;Assets/Content/Locations/City/City_Areas/City_SW_04/City_SW_04_Primorskiy_58_str1_indoor.unity
level448;City_SW_05_A_Kamchatskaya_12;Assets/Content/Locations/City/City_Areas/City_SW_05/City_SW_05_A_Kamchatskaya_12.unity
level449;City_SW_05_A_Kamchatskaya_16;Assets/Content/Locations/City/City_Areas/City_SW_05/City_SW_05_A_Kamchatskaya_16.unity
level450;City_SW_05_A_Razvedchikov_5;Assets/Content/Locations/City/City_Areas/City_SW_05/City_SW_05_A_Razvedchikov_5.unity
level451;City_SW_05_B_Razvedchikov_4;Assets/Content/Locations/City/City_Areas/City_SW_05/City_SW_05_B_Razvedchikov_4.unity
level452;City_SW_05_B_Razvedchikov_4_indoor;Assets/Content/Locations/City/City_Areas/City_SW_05/City_SW_05_B_Razvedchikov_4_indoor.unity
level453;City_SW_05_B_Razvedchikov_6;Assets/Content/Locations/City/City_Areas/City_SW_05/City_SW_05_B_Razvedchikov_6.unity
level454;City_NE_02_DesignStuff;Assets/Content/Locations/City/City_Areas/City_DesignStuff/City_NE_02_DesignStuff.unity
level455;City_NW_01_DesignStuff;Assets/Content/Locations/City/City_Areas/City_DesignStuff/City_NW_01_DesignStuff.unity
level456;City_NW_03_DesignStuff;Assets/Content/Locations/City/City_Areas/City_DesignStuff/City_NW_03_DesignStuff.unity
level457;City_SW_05_DesignStuff;Assets/Content/Locations/City/City_Areas/City_DesignStuff/City_SW_05_DesignStuff.unity
level458;City_LevelBorders;Assets/Content/Locations/City/City_LevelBorders.unity
level459;City_NW_02_Light;Assets/Content/Locations/City/City_Areas/City_Light/City_NW_02_Light.unity
level460;City_NW_02_Tetris_indoor;Assets/Content/Locations/City/City_Areas/City_NW_02/City_NW_02_Tetris_indoor.unity
level461;City_SE_01_Lenina_74_Indoor;Assets/Content/Locations/City/City_Areas/City_SE_01/City_SE_01_Lenina_74_Indoor.unity
level462;City_SE_02_Malevicha_5_indoor;Assets/Content/Locations/City/City_Areas/City_SE_02/City_SE_02_Malevicha_5_indoor.unity
level463;City_SE_04_Nizhnyaya_Sadovaya_2_indoor;Assets/Content/Locations/City/City_Areas/City_SE_04/City_SE_04_Nizhnyaya_Sadovaya_2_indoor.unity
level464;City_SW_01_B_Zmeiskiy_6_indoor;Assets/Content/Locations/City/City_Areas/City_SW_01_B/City_SW_01_B_Zmeiskiy_6_indoor.unity
level465;Sandbox_Scripts;Assets/Content/Locations/Sandbox/Sandbox_Scripts.unity
level466;Sandbox_bottom_area;Assets/Content/Locations/Sandbox/Sandbox_Areas/Sandbox_bottom_area.unity
level467;Sandbox_roads;Assets/Content/Locations/Sandbox/Sandbox_Areas/Sandbox_roads.unity
level468;Sandbox_Area_01;Assets/Content/Locations/Sandbox/Sandbox_Areas/Sandbox_Area_01.unity
level469;Sandbox_Area_01_courtyard;Assets/Content/Locations/Sandbox/Sandbox_Areas/Sandbox_Area_01_courtyard.unity
level470;Sandbox_Area_01_indoor;Assets/Content/Locations/Sandbox/Sandbox_Areas/Sandbox_Area_01_indoor.unity
level471;Sandbox_Area_02;Assets/Content/Locations/Sandbox/Sandbox_Areas/Sandbox_Area_02.unity
level472;Sandbox_Area_02_courtyard;Assets/Content/Locations/Sandbox/Sandbox_Areas/Sandbox_Area_02_courtyard.unity
level473;Sandbox_Area_02_indoor;Assets/Content/Locations/Sandbox/Sandbox_Areas/Sandbox_Area_02_indoor.unity
level474;Sandbox_Area_03;Assets/Content/Locations/Sandbox/Sandbox_Areas/Sandbox_Area_03.unity
level475;Sandbox_Area_03_courtyard;Assets/Content/Locations/Sandbox/Sandbox_Areas/Sandbox_Area_03_courtyard.unity
level476;Sandbox_Area_03_indoor;Assets/Content/Locations/Sandbox/Sandbox_Areas/Sandbox_Area_03_indoor.unity
level477;Sandbox_Area_04;Assets/Content/Locations/Sandbox/Sandbox_Areas/Sandbox_Area_04.unity
level478;Sandbox_Area_04_courtyrad;Assets/Content/Locations/Sandbox/Sandbox_Areas/Sandbox_Area_04_courtyrad.unity
level479;Sandbox_Area_04_indoor;Assets/Content/Locations/Sandbox/Sandbox_Areas/Sandbox_Area_04_indoor.unity
level480;Sandbox_Area_05;Assets/Content/Locations/Sandbox/Sandbox_Areas/Sandbox_Area_05.unity
level481;Sandbox_Area_05_courtyard;Assets/Content/Locations/Sandbox/Sandbox_Areas/Sandbox_Area_05_courtyard.unity
level482;Sandbox_Area_05_indoor;Assets/Content/Locations/Sandbox/Sandbox_Areas/Sandbox_Area_05_indoor.unity
level483;Sandbox_Area_07;Assets/Content/Locations/Sandbox/Sandbox_Areas/Sandbox_Area_07.unity
level484;Sandbox_Area_07_courtyard;Assets/Content/Locations/Sandbox/Sandbox_Areas/Sandbox_Area_07_courtyard.unity
level485;Sandbox_Area_07_indoor;Assets/Content/Locations/Sandbox/Sandbox_Areas/Sandbox_Area_07_indoor.unity
level486;Sandbox_Area_08;Assets/Content/Locations/Sandbox/Sandbox_Areas/Sandbox_Area_08.unity
level487;Sandbox_Area_08_courtyard;Assets/Content/Locations/Sandbox/Sandbox_Areas/Sandbox_Area_08_courtyard.unity
level488;Sandbox_Area_08_indoor;Assets/Content/Locations/Sandbox/Sandbox_Areas/Sandbox_Area_08_indoor.unity
level489;Sandbox_background_01;Assets/Content/Locations/Sandbox/Sandbox_Areas/Sandbox_background_01.unity
level490;Sandbox_background_02;Assets/Content/Locations/Sandbox/Sandbox_Areas/Sandbox_background_02.unity
level491;Sandbox_Grass;Assets/Content/Locations/Sandbox/Sandbox_Grass.unity
level492;Sandbox_Portals;Assets/Content/Locations/Sandbox/Sandbox_Light/Sandbox_Portals.unity
level493;Sandbox_Stencil;Assets/Content/Locations/Sandbox/Sandbox_Light/Sandbox_Stencil.unity
level494;Sandbox_Area_01_Light;Assets/Content/Locations/Sandbox/Sandbox_Light/Sandbox_Area_01_Light.unity
level495;Sandbox_Area_02_Light;Assets/Content/Locations/Sandbox/Sandbox_Light/Sandbox_Area_02_Light.unity
level496;Sandbox_Area_03_Light;Assets/Content/Locations/Sandbox/Sandbox_Light/Sandbox_Area_03_Light.unity
level497;Sandbox_Area_04_Light;Assets/Content/Locations/Sandbox/Sandbox_Light/Sandbox_Area_04_Light.unity
level498;Sandbox_Area_05_Light;Assets/Content/Locations/Sandbox/Sandbox_Light/Sandbox_Area_05_Light.unity
level499;Sandbox_Area_07_Light;Assets/Content/Locations/Sandbox/Sandbox_Light/Sandbox_Area_07_Light.unity
level500;Sandbox_Area_08_Light;Assets/Content/Locations/Sandbox/Sandbox_Light/Sandbox_Area_08_Light.unity
level501;Sandbox_bottom_area_Light;Assets/Content/Locations/Sandbox/Sandbox_Light/Sandbox_bottom_area_Light.unity
level502;Sandbox_background_Light;Assets/Content/Locations/Sandbox/Sandbox_Light/Sandbox_background_Light.unity
level503;Sandbox_roads_Light;Assets/Content/Locations/Sandbox/Sandbox_Light/Sandbox_roads_Light.unity
level504;Sandbox_Design_Stuff;Assets/Content/Locations/Sandbox/Sandbox_Design_Stuff.unity
level505;Sandbox_Design_Main;Assets/Content/Locations/Sandbox/Sandbox_Design_Main.unity
level506;Sandbox_Quests;Assets/Content/Locations/Sandbox/Sandbox_Quests.unity
level507;Sandbox_LevelBorders;Assets/Content/Locations/Sandbox/Sandbox_LevelBorders.unity
level508;Sandbox_AI;Assets/Content/Locations/Sandbox/Sandbox_AI.unity
level509;Sandbox_Sound;Assets/Content/Locations/Sandbox/Sandbox_Sound.unity
level510;Sandbox_culling;Assets/Content/Locations/Sandbox/Sandbox_culling.unity
level511;Custom_Sound;Assets/Content/Locations/Custom/Custom_Sound.unity
level512;Sandbox_AI_high;Assets/Content/Locations/Sandbox/Sandbox_AI_high.unity
level513;EnvironmentUISceneTue;Assets/Scenes/UI/EnvironmentUISceneTue.unity
level514;custom_DesignMain;Assets/Content/Locations/Custom/custom_DesignMain.unity
level515;custom_Culling;Assets/Content/Locations/Custom/custom_Culling.unity
level516;Laboratory_DesignMain;Assets/Content/Locations/Laboratory/Laboratory_DesignMain.unity
level517;Laboratory_Culling;Assets/Content/Locations/Laboratory/Laboratory_Culling.unity
level518;Reserve_Base_DesignMain;Assets/Content/Locations/Reserve_Base/Reserve_Base_DesignMain.unity
level519;Reserve_Base_Culling;Assets/Content/Locations/Reserve_Base/Reserve_Base_Culling.unity
level520;Shopping_Mall_DesignMain;Assets/Content/Locations/Shopping_Mall/Shopping_Mall_DesignMain.unity
level521;Shopping_Mall_Culling;Assets/Content/Locations/Shopping_Mall/Shopping_Mall_Culling.unity
level522;woods_DesignMain;Assets/Content/Locations/Woods/woods_DesignMain.unity
level523;woods_Culling;Assets/Content/Locations/Woods/woods_Culling.unity
level524;Lighthouse_DesignMain;Assets/Content/Locations/Lighthouse/Lighthouse_DesignMain.unity
level525;Factory_Rework_Day_Scripts;Assets/Content/Locations/Factory_Rework/Factory_Rework_Day_Scripts.unity
level526;Factory_Rework_Day_Light;Assets/Content/Locations/Factory_Rework/Factory_Rework_Day_Light.unity
level527;Factory_Rework_Areas;Assets/Content/Locations/Factory_Rework/Factory_Rework_Areas.unity
level528;Factory_Rework_Main_Building;Assets/Content/Locations/Factory_Rework/Factory_Rework_Main_Building.unity
level529;Factory_Rework_Basement;Assets/Content/Locations/Factory_Rework/Factory_Rework_Basement.unity
level530;Factory_Rework_Admin_Office;Assets/Content/Locations/Factory_Rework/Factory_Rework_Admin_Office.unity
level531;Factory_Rework_Laboratory;Assets/Content/Locations/Factory_Rework/Factory_Rework_Laboratory.unity
level532;Factory_Rework_Background;Assets/Content/Locations/Factory_Rework/Factory_Rework_Background.unity
level533;Factory_Rework_DesignStuff;Assets/Content/Locations/Factory_Rework/Factory_Rework_DesignStuff.unity
level534;Factory_Rework_DesignMain;Assets/Content/Locations/Factory_Rework/Factory_Rework_DesignMain.unity
level535;Factory_Rework_Quests;Assets/Content/Locations/Factory_Rework/Factory_Rework_Quests.unity
level536;Factory_Rework_AI;Assets/Content/Locations/Factory_Rework/Factory_Rework_AI.unity
level537;Factory_Sound_Rework;Assets/Content/Locations/Factory_Rework/Factory_Sound_Rework.unity
level538;Factory_Rework_Day_Culling;Assets/Content/Locations/Factory_Rework/Factory_Rework_Day_Culling.unity
level539;Factory_Rework_Night_Culling;Assets/Content/Locations/Factory_Rework/Factory_Rework_Night_Culling.unity
level540;Factory_Rework_Night_Scripts;Assets/Content/Locations/Factory_Rework/Factory_Rework_Night_Scripts.unity
level541;Factory_Rework_Night_Light;Assets/Content/Locations/Factory_Rework/Factory_Rework_Night_Light.unity
level542;Factory_Rework_Night_Quests;Assets/Content/Locations/Factory_Rework/Factory_Rework_Night_Quests.unity
level543;EnvironmentUISceneCyber;Assets/Scenes/UI/EnvironmentUISceneCyber.unity
level544;Labyrinth_Scripts;Assets/Content/Locations/Labyrinth/Labyrinth_Scripts.unity
level545;Labyrinth_Area_01;Assets/Content/Locations/Labyrinth/Labyrinth_Area_01.unity
level546;Labyrinth_Area_02;Assets/Content/Locations/Labyrinth/Labyrinth_Area_02.unity
level547;Labyrinth_Area_03;Assets/Content/Locations/Labyrinth/Labyrinth_Area_03.unity
level548;Labyrinth_Area_04;Assets/Content/Locations/Labyrinth/Labyrinth_Area_04.unity
level549;Labyrinth_Area_05;Assets/Content/Locations/Labyrinth/Labyrinth_Area_05.unity
level550;Labyrinth_Area_06;Assets/Content/Locations/Labyrinth/Labyrinth_Area_06.unity
level551;Labyrinth_Light;Assets/Content/Locations/Labyrinth/Labyrinth_Light.unity
level552;Labyrinth_DesignStuff;Assets/Content/Locations/Labyrinth/Labyrinth_DesignStuff.unity
level553;Labyrinth_DesignMain;Assets/Content/Locations/Labyrinth/Labyrinth_DesignMain.unity
level554;Labyrinth_Quests;Assets/Content/Locations/Labyrinth/Labyrinth_Quests.unity
level555;Labyrinth_AI;Assets/Content/Locations/Labyrinth/Labyrinth_AI.unity
level556;Labyrinth_Sound;Assets/Content/Locations/Labyrinth/Labyrinth_Sound.unity
level557;Labyrinth_Culling;Assets/Content/Locations/Labyrinth/Labyrinth_Culling.unity
level558;Sandbox_SL_Scripts;Assets/Content/Locations/Sandbox_StartLocation/Sandbox_SL_Scripts.unity
level559;Sandbox_SL_Area_01;Assets/Content/Locations/Sandbox_StartLocation/Sandbox_SL_Areas/Sandbox_SL_Area_01.unity
level560;Sandbox_SL_Area_01_courtyard;Assets/Content/Locations/Sandbox_StartLocation/Sandbox_SL_Areas/Sandbox_SL_Area_01_courtyard.unity
level561;Sandbox_SL_Area_02;Assets/Content/Locations/Sandbox_StartLocation/Sandbox_SL_Areas/Sandbox_SL_Area_02.unity
level562;Sandbox_SL_Area_02_courtyard;Assets/Content/Locations/Sandbox_StartLocation/Sandbox_SL_Areas/Sandbox_SL_Area_02_courtyard.unity
level563;Sandbox_SL_Area_03;Assets/Content/Locations/Sandbox_StartLocation/Sandbox_SL_Areas/Sandbox_SL_Area_03.unity
level564;Sandbox_SL_Area_03_courtyard;Assets/Content/Locations/Sandbox_StartLocation/Sandbox_SL_Areas/Sandbox_SL_Area_03_courtyard.unity
level565;Sandbox_SL_Area_03_indoor;Assets/Content/Locations/Sandbox_StartLocation/Sandbox_SL_Areas/Sandbox_SL_Area_03_indoor.unity
level566;Sandbox_SL_Area_04;Assets/Content/Locations/Sandbox_StartLocation/Sandbox_SL_Areas/Sandbox_SL_Area_04.unity
level567;Sandbox_SL_Area_04_courtyrad;Assets/Content/Locations/Sandbox_StartLocation/Sandbox_SL_Areas/Sandbox_SL_Area_04_courtyrad.unity
level568;Sandbox_SL_Area_04_indoor;Assets/Content/Locations/Sandbox_StartLocation/Sandbox_SL_Areas/Sandbox_SL_Area_04_indoor.unity
level569;Sandbox_SL_Area_05;Assets/Content/Locations/Sandbox_StartLocation/Sandbox_SL_Areas/Sandbox_SL_Area_05.unity
level570;Sandbox_SL_Area_05_courtyard;Assets/Content/Locations/Sandbox_StartLocation/Sandbox_SL_Areas/Sandbox_SL_Area_05_courtyard.unity
level571;Sandbox_SL_Area_05_indoor;Assets/Content/Locations/Sandbox_StartLocation/Sandbox_SL_Areas/Sandbox_SL_Area_05_indoor.unity
level572;Sandbox_SL_Area_07;Assets/Content/Locations/Sandbox_StartLocation/Sandbox_SL_Areas/Sandbox_SL_Area_07.unity
level573;Sandbox_SL_Area_07_courtyard;Assets/Content/Locations/Sandbox_StartLocation/Sandbox_SL_Areas/Sandbox_SL_Area_07_courtyard.unity
level574;Sandbox_SL_Area_08;Assets/Content/Locations/Sandbox_StartLocation/Sandbox_SL_Areas/Sandbox_SL_Area_08.unity
level575;Sandbox_SL_Area_08_courtyard;Assets/Content/Locations/Sandbox_StartLocation/Sandbox_SL_Areas/Sandbox_SL_Area_08_courtyard.unity
level576;Sandbox_SL_Area_08_indoor;Assets/Content/Locations/Sandbox_StartLocation/Sandbox_SL_Areas/Sandbox_SL_Area_08_indoor.unity
level577;Sandbox_SL_background_01;Assets/Content/Locations/Sandbox_StartLocation/Sandbox_SL_Areas/Sandbox_SL_background_01.unity
level578;Sandbox_SL_background_02;Assets/Content/Locations/Sandbox_StartLocation/Sandbox_SL_Areas/Sandbox_SL_background_02.unity
level579;Sandbox_SL_bottom_area;Assets/Content/Locations/Sandbox_StartLocation/Sandbox_SL_Areas/Sandbox_SL_bottom_area.unity
level580;Sandbox_SL_roads;Assets/Content/Locations/Sandbox_StartLocation/Sandbox_SL_Areas/Sandbox_SL_roads.unity
level581;Sandbox_SL_Area_01_Light;Assets/Content/Locations/Sandbox_StartLocation/Sandbox_SL_Light/Sandbox_SL_Area_01_Light.unity
level582;Sandbox_SL_Area_03_Light;Assets/Content/Locations/Sandbox_StartLocation/Sandbox_SL_Light/Sandbox_SL_Area_03_Light.unity
level583;Sandbox_SL_Area_04_Light;Assets/Content/Locations/Sandbox_StartLocation/Sandbox_SL_Light/Sandbox_SL_Area_04_Light.unity
level584;Sandbox_SL_Area_05_Light;Assets/Content/Locations/Sandbox_StartLocation/Sandbox_SL_Light/Sandbox_SL_Area_05_Light.unity
level585;Sandbox_SL_Area_08_Light;Assets/Content/Locations/Sandbox_StartLocation/Sandbox_SL_Light/Sandbox_SL_Area_08_Light.unity
level586;Sandbox_SL_background_Light;Assets/Content/Locations/Sandbox_StartLocation/Sandbox_SL_Light/Sandbox_SL_background_Light.unity
level587;Sandbox_SL_bottom_area_Light;Assets/Content/Locations/Sandbox_StartLocation/Sandbox_SL_Light/Sandbox_SL_bottom_area_Light.unity
level588;Sandbox_SL_Portals;Assets/Content/Locations/Sandbox_StartLocation/Sandbox_SL_Light/Sandbox_SL_Portals.unity
level589;Sandbox_SL_roads_Light;Assets/Content/Locations/Sandbox_StartLocation/Sandbox_SL_Light/Sandbox_SL_roads_Light.unity
level590;Sandbox_SL_Stencil;Assets/Content/Locations/Sandbox_StartLocation/Sandbox_SL_Light/Sandbox_SL_Stencil.unity
level591;Sandbox_SL_Stencil_develop;Assets/Content/Locations/Sandbox_StartLocation/Sandbox_SL_Light/Sandbox_SL_Stencil_develop.unity
level592;Sandbox_SL_Grass;Assets/Content/Locations/Sandbox_StartLocation/Sandbox_SL_Grass.unity
level593;Sandbox_SL_Design_Stuff;Assets/Content/Locations/Sandbox_StartLocation/Sandbox_SL_Design_Stuff.unity
level594;Sandbox_SL_Design_Main;Assets/Content/Locations/Sandbox_StartLocation/Sandbox_SL_Design_Main.unity
level595;Sandbox_SL_Quests;Assets/Content/Locations/Sandbox_StartLocation/Sandbox_SL_Quests.unity
level596;Sandbox_SL_AI;Assets/Content/Locations/Sandbox_StartLocation/Sandbox_SL_AI.unity
level597;Sandbox_SL_LevelBorders;Assets/Content/Locations/Sandbox_StartLocation/Sandbox_SL_LevelBorders.unity
level598;Sandbox_SL_Sound;Assets/Content/Locations/Sandbox_StartLocation/Sandbox_SL_Sound.unity
level599;Sandbox_SL_culling;Assets/Content/Locations/Sandbox_StartLocation/Sandbox_SL_culling.unity
level600;Terminal_Scripts;Assets/Content/Locations/Terminal/Terminal_Scripts.unity
level601;Terminal_Background;Assets/Content/Locations/Terminal/Terminal_Areas/Terminal_Background.unity
level602;Terminal_Roads;Assets/Content/Locations/Terminal/Terminal_Areas/Terminal_Roads.unity
level603;Terminal_Area_01_CutScene_Courtyard;Assets/Content/Locations/Terminal/Terminal_Areas/Terminal_Area_01_CutScene_Courtyard.unity
level604;Terminal_Area_01_CutScene_Indoor;Assets/Content/Locations/Terminal/Terminal_Areas/Terminal_Area_01_CutScene_Indoor.unity
level605;Terminal_Area_01_CutScene;Assets/Content/Locations/Terminal/Terminal_Areas/Terminal_Area_01_CutScene.unity
level606;Terminal_Area_02_BulkCargo_A_Courtyard;Assets/Content/Locations/Terminal/Terminal_Areas/Terminal_Area_02_BulkCargo_A_Courtyard.unity
level607;Terminal_Area_02_BulkCargo_A;Assets/Content/Locations/Terminal/Terminal_Areas/Terminal_Area_02_BulkCargo_A.unity
level608;Terminal_Area_03_Substation_Courtyard;Assets/Content/Locations/Terminal/Terminal_Areas/Terminal_Area_03_Substation_Courtyard.unity
level609;Terminal_Area_03_Substation;Assets/Content/Locations/Terminal/Terminal_Areas/Terminal_Area_03_Substation.unity
level610;Terminal_Area_04_MarineStation_Courtyard;Assets/Content/Locations/Terminal/Terminal_Areas/Terminal_Area_04_MarineStation_Courtyard.unity
level611;Terminal_Area_04_MarineStation_Indoor;Assets/Content/Locations/Terminal/Terminal_Areas/Terminal_Area_04_MarineStation_Indoor.unity
level612;Terminal_Area_04_MarineStation;Assets/Content/Locations/Terminal/Terminal_Areas/Terminal_Area_04_MarineStation.unity
level613;Terminal_Area_05_Administration_Courtyard;Assets/Content/Locations/Terminal/Terminal_Areas/Terminal_Area_05_Administration_Courtyard.unity
level614;Terminal_Area_05_Administration_Indoor;Assets/Content/Locations/Terminal/Terminal_Areas/Terminal_Area_05_Administration_Indoor.unity
level615;Terminal_Area_05_Administration;Assets/Content/Locations/Terminal/Terminal_Areas/Terminal_Area_05_Administration.unity
level616;Terminal_Area_06_ContainerPort_A_Courtyard;Assets/Content/Locations/Terminal/Terminal_Areas/Terminal_Area_06_ContainerPort_A_Courtyard.unity
level617;Terminal_Area_07_OilStorage_Courtyard;Assets/Content/Locations/Terminal/Terminal_Areas/Terminal_Area_07_OilStorage_Courtyard.unity
level618;Terminal_Area_07_OilStorage_Indoor;Assets/Content/Locations/Terminal/Terminal_Areas/Terminal_Area_07_OilStorage_Indoor.unity
level619;Terminal_Area_07_OilStorage;Assets/Content/Locations/Terminal/Terminal_Areas/Terminal_Area_07_OilStorage.unity
level620;Terminal_Area_08_BulkCargo_B_Courtyard;Assets/Content/Locations/Terminal/Terminal_Areas/Terminal_Area_08_BulkCargo_B_Courtyard.unity
level621;Terminal_Area_08_BulkCargo_B;Assets/Content/Locations/Terminal/Terminal_Areas/Terminal_Area_08_BulkCargo_B.unity
level622;Terminal_Area_09_ContainerPort_B_Courtyard;Assets/Content/Locations/Terminal/Terminal_Areas/Terminal_Area_09_ContainerPort_B_Courtyard.unity
level623;Terminal_Area_09_ContainerPort_B;Assets/Content/Locations/Terminal/Terminal_Areas/Terminal_Area_09_ContainerPort_B.unity
level624;Terminal_Area_10_Extraction_Courtyard;Assets/Content/Locations/Terminal/Terminal_Areas/Terminal_Area_10_Extraction_Courtyard.unity
level625;Terminal_Grass;Assets/Content/Locations/Terminal/Terminal_Grass.unity
level626;Terminal_Light;Assets/Content/Locations/Terminal/Terminal_Light/Terminal_Light.unity
level627;Terminal_Portals;Assets/Content/Locations/Terminal/Terminal_Light/Terminal_Portals.unity
level628;Terminal_Design_Stuff;Assets/Content/Locations/Terminal/Terminal_Design_Stuff.unity
level629;Terminal_Design_Main;Assets/Content/Locations/Terminal/Terminal_Design_Main.unity
level630;Terminal_Cutscene_Content;Assets/Content/Locations/Terminal/Terminal_Areas/Terminal_Cutscene_Content.unity
level631;Terminal_area_PortCutscene_00_Intro;Assets/CutscenesSources/Scenes/Terminal_area_PortCutscene_00_Intro.unity
level632;Terminal_area_PortCutscene_01_Attack;Assets/CutscenesSources/Scenes/Terminal_area_PortCutscene_01_Attack.unity
level633;Terminal_Quests;Assets/Content/Locations/Terminal/Terminal_Quests.unity
level634;Terminal_LevelBorders;Assets/Content/Locations/Terminal/Terminal_LevelBorders.unity
level635;Terminal_AI;Assets/Content/Locations/Terminal/Terminal_AI.unity
level636;Terminal_Sound;Assets/Content/Locations/Terminal/Terminal_Sound.unity
level637;Terminal_Culling;Assets/Content/Locations/Terminal/Terminal_Culling.unity
level638;Vendors_Fence;Assets/Content/Locations/Venders/Vendors_Fence.unity
level639;Vendors_Jaeger;Assets/Content/Locations/Venders/Vendors_Jaeger.unity
level640;Vendors_Mechanic;Assets/Content/Locations/Venders/Vendors_Mechanic.unity
level641;Vendors_Peacekeeper;Assets/Content/Locations/Venders/Vendors_Peacekeeper.unity
level642;Vendors_Prapor;Assets/Content/Locations/Venders/Vendors_Prapor.unity
level643;Vendors_Ragman;Assets/Content/Locations/Venders/Vendors_Ragman.unity
level644;Vendors_Skier;Assets/Content/Locations/Venders/Vendors_Skier.unity
level645;Vendors_Therapist;Assets/Content/Locations/Venders/Vendors_Therapist.unity
level646;Vendors_Scripts;Assets/Content/Locations/Venders/Vendors_Scripts.unity
level647;Vendors_Peacekeeper_Scripts;Assets/Content/Locations/Venders/Vendors_Peacekeeper_Scripts.unity
level648;Vendors_Jaeger_Scripts;Assets/Content/Locations/Venders/Vendors_Jaeger_Scripts.unity
level649;Vendors_Skier_Scripts;Assets/Content/Locations/Venders/Vendors_Skier_Scripts.unity
level650;Terminal_area_PortCutscene_02_Ending_00;Assets/CutscenesSources/Scenes/Terminal_area_PortCutscene_02_Ending_00.unity
level690;EnvironmentUISceneMiami;Assets/Scenes/UI/EnvironmentUISceneMiami.unity
level691;Terminal_area_PortCutscene_02_Ending_02;Assets/CutscenesSources/Scenes/Terminal_area_PortCutscene_02_Ending_02.unity
level692;Terminal_area_PortCutscene_02_Ending_01;Assets/CutscenesSources/Scenes/Terminal_area_PortCutscene_02_Ending_01.unity
level693;EnvironmentUISceneAndSurvived;Assets/Scenes/UI/EndingsScenes/EnvironmentUISceneAndSurvived.unity
level694;EnvironmentUISceneDidntEscapeFromYourself;Assets/Scenes/UI/EndingsScenes/EnvironmentUISceneDidntEscapeFromYourself.unity
level695;EnvironmentUISceneForHumanity;Assets/Scenes/UI/EndingsScenes/EnvironmentUISceneForHumanity.unity
level696;EnvironmentUISceneInTheDarkness;Assets/Scenes/UI/EndingsScenes/EnvironmentUISceneInTheDarkness.unity
level697;Terminal_area_PortCutscene_02_Ending_03;Assets/CutscenesSources/Scenes/Terminal_area_PortCutscene_02_Ending_03.unity
level698;Icebreaker_Scripts;Assets/Content/Locations/Icebreaker/Icebreaker_Scripts.unity
level699;Icebreaker_Outdoor;Assets/Content/Locations/Icebreaker/Icebreaker_Outdoor.unity
level700;Icebreaker_Indoor_01;Assets/Content/Locations/Icebreaker/Icebreaker_Indoor_01.unity
level701;Icebreaker_Indoor_02;Assets/Content/Locations/Icebreaker/Icebreaker_Indoor_02.unity
level702;Icebreaker_Indoor_03;Assets/Content/Locations/Icebreaker/Icebreaker_Indoor_03.unity
level703;Icebreaker_Lights;Assets/Content/Locations/Icebreaker/Icebreaker_Lights.unity
level704;Icebreaker_Design_Stuff;Assets/Content/Locations/Icebreaker/Icebreaker_Design_Stuff.unity
level705;Icebreaker_Design_Main;Assets/Content/Locations/Icebreaker/Icebreaker_Design_Main.unity
level706;Icebreaker_AI;Assets/Content/Locations/Icebreaker/Icebreaker_AI.unity
level707;Icebreaker_Sound;Assets/Content/Locations/Icebreaker/Icebreaker_Sound.unity
level708;Icebreaker_Culling;Assets/Content/Locations/Icebreaker/Icebreaker_Culling.unity
level709;Icebreaker_cutscene_01;Assets/Content/Locations/Icebreaker/Icebreaker_cutscene_01.unity
